rank,model,total_score,evokes_awareness,active_listening_indicators,maintains_client_agency,question_depth_progression,client_centered_communication,ethical_boundaries
1,claude_web_free,16.428571428571427,2.8333333333333335,3.4047619047619047,2.0714285714285716,3.0238095238095237,2.9047619047619047,2.1904761904761907
2,chatgpt_web_free,13.071428571428571,2.119047619047619,2.5238095238095237,1.8095238095238095,1.9047619047619047,2.5238095238095237,2.1904761904761907
3,gemini_web_free,11.428571428571429,2.0,2.238095238095238,1.1904761904761905,1.9523809523809523,2.119047619047619,1.9285714285714286
